[{"model": "shop.product", "pk": 1, "fields": {"title": "Chocolate Cake", "price": 76.0, "discount_price": 67.0, "category": "Kid", "description": "Simple cake for kids", "image": "https://indianapolisgak.com/wp-content/uploads/2019/07/Black-Forest-Cake-from-Scratch-featured-image-720x540.jpg"}}, {"model": "shop.product", "pk": 2, "fields": {"title": "Bug Cake", "price": 102.0, "discount_price": 102.0, "category": "Kid", "description": "Beautiful cake for boys.", "image": "https://www.simplyrealmoms.com/wp-content/uploads/2012/04/turtle-cake-.jpg"}}, {"model": "shop.product", "pk": 3, "fields": {"title": "Fig Cake", "price": 78.0, "discount_price": 65.0, "category": "Adult", "description": "Simple fig cake.", "image": "https://veganyackattack.com/wp-content/uploads/2017/09/figcake-header-720x540.jpg"}}, {"model": "shop.product", "pk": 4, "fields": {"title": "Rainbow Cake", "price": 90.0, "discount_price": 89.0, "category": "Kid", "description": "Rainbow cake.", "image": "https://www.mycakeschool.com/images/2015/03/Buttercream-Rainbow-April10-720x540.jpg"}}, {"model": "shop.product", "pk": 5, "fields": {"title": "Fence Cake", "price": 99.0, "discount_price": 99.0, "category": "Kid", "description": "Cake with beautiful cake.", "image": "https://i.pinimg.com/originals/bf/69/b3/bf69b3fd89c47f139c032bb2873ca3c5.jpg"}}, {"model": "shop.product", "pk": 6, "fields": {"title": "Snow Cake", "price": 99.0, "discount_price": 88.0, "category": "Kid", "description": "Beautiful snow cake.", "image": "https://i1.wp.com/yumgoggle.com/wp-content/uploads/2015/12/Wedding-Cake00003.jpg?resize=720%2C540&ssl=1"}}, {"model": "shop.address", "pk": 1, "fields": {"item": "", "firstname": "eee", "lastname": "", "address": "", "email": "", "phone": "0", "total_price": "Place Order"}}, {"model": "shop.address", "pk": 2, "fields": {"item": "", "firstname": "111111", "lastname": "", "address": "444", "email": "", "phone": "0", "total_price": "256.00"}}, {"model": "shop.address", "pk": 3, "fields": {"item": "[{\"id\":3,\"name\":\"Fig Cake\",\"price\":78,\"count\":1},{\"id\":2,\"name\":\"Bug Cake\",\"price\":102,\"count\":1},{\"id\":1,\"name\":\"Chocolate Cake\",\"price\":76,\"count\":1}]", "firstname": "", "lastname": "", "address": "", "email": "", "phone": "0", "total_price": "256.00"}}, {"model": "shop.address", "pk": 4, "fields": {"item": "[{\"id\":2,\"name\":\"Bug Cake\",\"price\":102,\"count\":1},{\"id\":1,\"name\":\"Chocolate Cake\",\"price\":76,\"count\":1}]", "firstname": "ttt", "lastname": "", "address": "1111", "email": "", "phone": "0", "total_price": "178.00"}}, {"model": "shop.address", "pk": 5, "fields": {"item": "[{\"id\":3,\"name\":\"Fig Cake\",\"price\":78,\"count\":1},{\"id\":2,\"name\":\"Bug Cake\",\"price\":102,\"count\":1},{\"id\":1,\"name\":\"Chocolate Cake\",\"price\":76,\"count\":1}]", "firstname": "", "lastname": "", "address": "", "email": "", "phone": "0", "total_price": "256.00"}}, {"model": "shop.address", "pk": 6, "fields": {"item": "[{\"id\":2,\"name\":\"Bug Cake\",\"price\":102,\"count\":1}]", "firstname": "", "lastname": "", "address": "", "email": "", "phone": "0", "total_price": "102.00"}}, {"model": "shop.address", "pk": 7, "fields": {"item": "[{\"id\":2,\"name\":\"Bug Cake\",\"price\":102,\"count\":1},{\"id\":3,\"name\":\"Fig Cake\",\"price\":78,\"count\":1},{\"id\":4,\"name\":\"Rainbow Cake\",\"price\":90,\"count\":1}]", "firstname": "jdhashd", "lastname": "ddd", "address": "56", "email": "qliu9467@gmail.com", "phone": "0", "total_price": "270.00"}}, {"model": "shop.address", "pk": 8, "fields": {"item": "[{\"id\":1,\"name\":\"Chocolate Cake\",\"price\":76,\"count\":1},{\"id\":2,\"name\":\"Bug Cake\",\"price\":102,\"count\":1}]", "firstname": "1103u2", "lastname": "", "address": "", "email": "cypbkd@gmail.com", "phone": "2064992611", "total_price": "178.00"}}, {"model": "shop.address", "pk": 9, "fields": {"item": "[{\"id\":1,\"name\":\"Chocolate Cake\",\"price\":76,\"count\":2},{\"id\":2,\"name\":\"Bug Cake\",\"price\":102,\"count\":1}]", "firstname": "Qing", "lastname": "", "address": "14423 75th Ave NE", "email": "qliu9467@gmail.com", "phone": "2064992622", "total_price": "254.00"}}, {"model": "shop.address", "pk": 10, "fields": {"item": "[{\"id\":1,\"name\":\"Chocolate Cake\",\"price\":76,\"count\":1},{\"id\":2,\"name\":\"Bug Cake\",\"price\":102,\"count\":1}]", "firstname": "Qing", "lastname": "", "address": "14423 75th Ave NE", "email": "qliu9467@gmail.com", "phone": "2064992622", "total_price": "178.00"}}, {"model": "shop.users", "pk": 2, "fields": {"last_modify_time": "2021-10-28T00:00:00Z", "create_time": "2021-10-28T00:00:00Z"}}, {"model": "shop.users", "pk": 3, "fields": {"last_modify_time": "2021-10-28T00:00:00Z", "create_time": "2021-10-28T00:00:00Z"}}, {"model": "shop.users", "pk": 4, "fields": {"last_modify_time": "2021-10-28T00:00:00Z", "create_time": "2021-10-28T00:00:00Z"}}, {"model": "shop.users", "pk": 5, "fields": {"last_modify_time": "2021-11-04T03:12:12Z", "create_time": "2021-11-04T03:12:12Z"}}, {"model": "shop.users", "pk": 6, "fields": {"last_modify_time": "2021-11-05T05:49:28.404Z", "create_time": "2021-11-05T05:49:28.404Z"}}, {"model": "shop.users", "pk": 7, "fields": {"last_modify_time": "2021-11-05T05:50:13Z", "create_time": "2021-11-05T05:50:13Z"}}, {"model": "shop.users", "pk": 8, "fields": {"last_modify_time": "2021-11-08T18:12:51Z", "create_time": "2021-11-08T18:12:54Z"}}, {"model": "shop.users", "pk": 9, "fields": {"last_modify_time": "2023-09-29T21:36:07.683Z", "create_time": "2023-09-29T21:36:07.683Z"}}, {"model": "shop.users", "pk": 10, "fields": {"last_modify_time": "2023-09-29T21:36:56.343Z", "create_time": "2023-09-29T21:36:56.343Z"}}, {"model": "shop.users", "pk": 11, "fields": {"last_modify_time": "2023-09-29T21:37:58.625Z", "create_time": "2023-09-29T21:37:58.625Z"}}, {"model": "shop.users", "pk": 12, "fields": {"last_modify_time": "2023-09-29T23:12:20.537Z", "create_time": "2023-09-29T23:12:20.537Z"}}, {"model": "shop.users", "pk": 13, "fields": {"last_modify_time": "2023-09-29T23:18:54.822Z", "create_time": "2023-09-29T23:18:54.822Z"}}, {"model": "admin.logentry", "pk": 1, "fields": {"action_time": "2021-10-13T05:47:20.877Z", "user": 1, "content_type": 1, "object_id": "1", "object_repr": "Product object (1)", "action_flag": 1, "change_message": "[{\"added\": {}}]"}}, {"model": "admin.logentry", "pk": 2, "fields": {"action_time": "2021-10-13T05:49:01.765Z", "user": 1, "content_type": 1, "object_id": "2", "object_repr": "Product object (2)", "action_flag": 1, "change_message": "[{\"added\": {}}]"}}, {"model": "admin.logentry", "pk": 3, "fields": {"action_time": "2021-10-13T05:49:54.262Z", "user": 1, "content_type": 1, "object_id": "3", "object_repr": "Product object (3)", "action_flag": 1, "change_message": "[{\"added\": {}}]"}}, {"model": "admin.logentry", "pk": 4, "fields": {"action_time": "2021-10-13T05:50:49.629Z", "user": 1, "content_type": 1, "object_id": "4", "object_repr": "Product object (4)", "action_flag": 1, "change_message": "[{\"added\": {}}]"}}, {"model": "admin.logentry", "pk": 5, "fields": {"action_time": "2021-10-13T05:51:35.634Z", "user": 1, "content_type": 1, "object_id": "5", "object_repr": "Product object (5)", "action_flag": 1, "change_message": "[{\"added\": {}}]"}}, {"model": "admin.logentry", "pk": 6, "fields": {"action_time": "2021-10-13T05:52:27.703Z", "user": 1, "content_type": 1, "object_id": "6", "object_repr": "Product object (6)", "action_flag": 1, "change_message": "[{\"added\": {}}]"}}, {"model": "admin.logentry", "pk": 7, "fields": {"action_time": "2021-10-14T03:00:24.078Z", "user": 1, "content_type": 1, "object_id": "1", "object_repr": "Product object (1)", "action_flag": 2, "change_message": "[{\"changed\": {\"fields\": [\"Image\"]}}]"}}, {"model": "admin.logentry", "pk": 8, "fields": {"action_time": "2021-10-14T03:01:47.306Z", "user": 1, "content_type": 1, "object_id": "2", "object_repr": "Product object (2)", "action_flag": 2, "change_message": "[{\"changed\": {\"fields\": [\"Image\"]}}]"}}, {"model": "admin.logentry", "pk": 9, "fields": {"action_time": "2021-10-14T03:02:18.331Z", "user": 1, "content_type": 1, "object_id": "2", "object_repr": "Product object (2)", "action_flag": 2, "change_message": "[{\"changed\": {\"fields\": [\"Title\", \"Description\"]}}]"}}, {"model": "admin.logentry", "pk": 10, "fields": {"action_time": "2021-10-14T03:03:09.024Z", "user": 1, "content_type": 1, "object_id": "6", "object_repr": "Product object (6)", "action_flag": 2, "change_message": "[{\"changed\": {\"fields\": [\"Title\", \"Description\", \"Image\"]}}]"}}, {"model": "admin.logentry", "pk": 11, "fields": {"action_time": "2021-11-05T05:54:37.507Z", "user": 1, "content_type": 10, "object_id": "5", "object_repr": "liu", "action_flag": 2, "change_message": "[{\"changed\": {\"fields\": [\"Email address\", \"Active\"]}}]"}}, {"model": "admin.logentry", "pk": 12, "fields": {"action_time": "2021-11-05T05:54:53.808Z", "user": 1, "content_type": 10, "object_id": "7", "object_repr": "liu2", "action_flag": 2, "change_message": "[{\"changed\": {\"fields\": [\"Active\"]}}]"}}, {"model": "admin.logentry", "pk": 13, "fields": {"action_time": "2021-11-08T18:12:56.901Z", "user": 1, "content_type": 10, "object_id": "8", "object_repr": "chen", "action_flag": 1, "change_message": "[{\"added\": {}}]"}}, {"model": "auth.permission", "pk": 1, "fields": {"name": "Can add product", "content_type": 1, "codename": "add_product"}}, {"model": "auth.permission", "pk": 2, "fields": {"name": "Can change product", "content_type": 1, "codename": "change_product"}}, {"model": "auth.permission", "pk": 3, "fields": {"name": "Can delete product", "content_type": 1, "codename": "delete_product"}}, {"model": "auth.permission", "pk": 4, "fields": {"name": "Can view product", "content_type": 1, "codename": "view_product"}}, {"model": "auth.permission", "pk": 5, "fields": {"name": "Can add log entry", "content_type": 2, "codename": "add_logentry"}}, {"model": "auth.permission", "pk": 6, "fields": {"name": "Can change log entry", "content_type": 2, "codename": "change_logentry"}}, {"model": "auth.permission", "pk": 7, "fields": {"name": "Can delete log entry", "content_type": 2, "codename": "delete_logentry"}}, {"model": "auth.permission", "pk": 8, "fields": {"name": "Can view log entry", "content_type": 2, "codename": "view_logentry"}}, {"model": "auth.permission", "pk": 9, "fields": {"name": "Can add permission", "content_type": 3, "codename": "add_permission"}}, {"model": "auth.permission", "pk": 10, "fields": {"name": "Can change permission", "content_type": 3, "codename": "change_permission"}}, {"model": "auth.permission", "pk": 11, "fields": {"name": "Can delete permission", "content_type": 3, "codename": "delete_permission"}}, {"model": "auth.permission", "pk": 12, "fields": {"name": "Can view permission", "content_type": 3, "codename": "view_permission"}}, {"model": "auth.permission", "pk": 13, "fields": {"name": "Can add group", "content_type": 4, "codename": "add_group"}}, {"model": "auth.permission", "pk": 14, "fields": {"name": "Can change group", "content_type": 4, "codename": "change_group"}}, {"model": "auth.permission", "pk": 15, "fields": {"name": "Can delete group", "content_type": 4, "codename": "delete_group"}}, {"model": "auth.permission", "pk": 16, "fields": {"name": "Can view group", "content_type": 4, "codename": "view_group"}}, {"model": "auth.permission", "pk": 17, "fields": {"name": "Can add user", "content_type": 5, "codename": "add_user"}}, {"model": "auth.permission", "pk": 18, "fields": {"name": "Can change user", "content_type": 5, "codename": "change_user"}}, {"model": "auth.permission", "pk": 19, "fields": {"name": "Can delete user", "content_type": 5, "codename": "delete_user"}}, {"model": "auth.permission", "pk": 20, "fields": {"name": "Can view user", "content_type": 5, "codename": "view_user"}}, {"model": "auth.permission", "pk": 21, "fields": {"name": "Can add content type", "content_type": 6, "codename": "add_contenttype"}}, {"model": "auth.permission", "pk": 22, "fields": {"name": "Can change content type", "content_type": 6, "codename": "change_contenttype"}}, {"model": "auth.permission", "pk": 23, "fields": {"name": "Can delete content type", "content_type": 6, "codename": "delete_contenttype"}}, {"model": "auth.permission", "pk": 24, "fields": {"name": "Can view content type", "content_type": 6, "codename": "view_contenttype"}}, {"model": "auth.permission", "pk": 25, "fields": {"name": "Can add session", "content_type": 7, "codename": "add_session"}}, {"model": "auth.permission", "pk": 26, "fields": {"name": "Can change session", "content_type": 7, "codename": "change_session"}}, {"model": "auth.permission", "pk": 27, "fields": {"name": "Can delete session", "content_type": 7, "codename": "delete_session"}}, {"model": "auth.permission", "pk": 28, "fields": {"name": "Can view session", "content_type": 7, "codename": "view_session"}}, {"model": "auth.permission", "pk": 29, "fields": {"name": "Can add address", "content_type": 8, "codename": "add_address"}}, {"model": "auth.permission", "pk": 30, "fields": {"name": "Can change address", "content_type": 8, "codename": "change_address"}}, {"model": "auth.permission", "pk": 31, "fields": {"name": "Can delete address", "content_type": 8, "codename": "delete_address"}}, {"model": "auth.permission", "pk": 32, "fields": {"name": "Can view address", "content_type": 8, "codename": "view_address"}}, {"model": "auth.permission", "pk": 33, "fields": {"name": "Can add user", "content_type": 9, "codename": "add_user"}}, {"model": "auth.permission", "pk": 34, "fields": {"name": "Can change user", "content_type": 9, "codename": "change_user"}}, {"model": "auth.permission", "pk": 35, "fields": {"name": "Can delete user", "content_type": 9, "codename": "delete_user"}}, {"model": "auth.permission", "pk": 36, "fields": {"name": "Can view user", "content_type": 9, "codename": "view_user"}}, {"model": "auth.permission", "pk": 37, "fields": {"name": "Can add users", "content_type": 10, "codename": "add_users"}}, {"model": "auth.permission", "pk": 38, "fields": {"name": "Can change users", "content_type": 10, "codename": "change_users"}}, {"model": "auth.permission", "pk": 39, "fields": {"name": "Can delete users", "content_type": 10, "codename": "delete_users"}}, {"model": "auth.permission", "pk": 40, "fields": {"name": "Can view users", "content_type": 10, "codename": "view_users"}}, {"model": "auth.user", "pk": 1, "fields": {"password": "pbkdf2_sha256$260000$q84QS1cBIpmA5Tv6fqEkXp$MFNqTUlwVzyGTte21VQCFXraDZ2cudK61MXLrqfuEUE=", "last_login": "2021-11-08T18:11:54.956Z", "is_superuser": true, "username": "admin", "first_name": "", "last_name": "", "email": "liuqing6@outlook.com", "is_staff": true, "is_active": true, "date_joined": "2021-10-13T03:21:29.681Z", "groups": [], "user_permissions": []}}, {"model": "auth.user", "pk": 2, "fields": {"password": "111", "last_login": null, "is_superuser": false, "username": "123", "first_name": "", "last_name": "", "email": "380516137@qq.com", "is_staff": false, "is_active": false, "date_joined": "2021-10-28T00:26:16.694Z", "groups": [], "user_permissions": []}}, {"model": "auth.user", "pk": 3, "fields": {"password": "pbkdf2_sha256$260000$hScGprRmiAxdJAZLGBxAYy$c8oK+ulhEpiapcTv9MGJBK4DucM/5FmVogETUw5EnBA=", "last_login": null, "is_superuser": false, "username": "abc", "first_name": "", "last_name": "", "email": "qliu9467@gmail.com", "is_staff": false, "is_active": false, "date_joined": "2021-10-28T00:33:29.637Z", "groups": [], "user_permissions": []}}, {"model": "auth.user", "pk": 4, "fields": {"password": "pbkdf2_sha256$260000$OYIVN5OdEg2R7Na8CZnvip$C59DkZ9hcT8AZ2nOK9HXnTADwmwjDPq5mHBd4+7ck0c=", "last_login": null, "is_superuser": false, "username": "mima", "first_name": "", "last_name": "", "email": "cypbkd@gmail.com", "is_staff": false, "is_active": false, "date_joined": "2021-10-28T02:32:35.775Z", "groups": [], "user_permissions": []}}, {"model": "auth.user", "pk": 5, "fields": {"password": "pbkdf2_sha256$260000$PrKyiz1GN9tsDhSDHBqbz6$LizouGF8cD2tReUviIrbuC6K7iXqDei8fQHRMyhw9Q8=", "last_login": null, "is_superuser": false, "username": "liu", "first_name": "", "last_name": "", "email": "liu@liu.com", "is_staff": false, "is_active": true, "date_joined": "2021-11-04T03:12:12Z", "groups": [], "user_permissions": []}}, {"model": "auth.user", "pk": 6, "fields": {"password": "pbkdf2_sha256$260000$1GVr95knyKN4K9xCOUXAOw$YsvUw4xMDN2LUYDA/wjasghPe5UyWtuEiRHHBvHEvwo=", "last_login": null, "is_superuser": false, "username": "liu1", "first_name": "", "last_name": "", "email": "liu@liu", "is_staff": false, "is_active": false, "date_joined": "2021-11-05T05:49:28.404Z", "groups": [], "user_permissions": []}}, {"model": "auth.user", "pk": 7, "fields": {"password": "pbkdf2_sha256$260000$h9Uhj8NZGrbs5nCFkoQduc$g2SHAsuFK2pUN9SUHUEOPrBcwbFZu/SVPmaMZ6fxaGk=", "last_login": "2021-11-06T02:21:37.085Z", "is_superuser": false, "username": "liu2", "first_name": "", "last_name": "", "email": "380516137@qq.com", "is_staff": false, "is_active": true, "date_joined": "2021-11-05T05:50:13Z", "groups": [], "user_permissions": []}}, {"model": "auth.user", "pk": 8, "fields": {"password": "lq123456", "last_login": null, "is_superuser": false, "username": "chen", "first_name": "", "last_name": "", "email": "", "is_staff": false, "is_active": true, "date_joined": "2021-11-08T18:11:55Z", "groups": [], "user_permissions": []}}, {"model": "auth.user", "pk": 9, "fields": {"password": "pbkdf2_sha256$260000$KYnVRq3QM1nxjLdfm0SlAm$0Ao0niwVBcsTpkDpxkRFsd1wQqXnyaSr++RJBeDHgCI=", "last_login": "2023-09-30T00:02:18.023Z", "is_superuser": false, "username": "qqq", "first_name": "", "last_name": "", "email": "qliu9467@gmail.com", "is_staff": false, "is_active": true, "date_joined": "2023-09-29T21:36:07.685Z", "groups": [], "user_permissions": []}}, {"model": "auth.user", "pk": 10, "fields": {"password": "pbkdf2_sha256$260000$98GXwoRC7UkPwF2HH1ezHU$EclbRlTYrrMGNwvIo3ElVIPRjVUDUAVao7li9AzG5Zo=", "last_login": null, "is_superuser": false, "username": "qliu9468", "first_name": "", "last_name": "", "email": "qliu9468@gmail.com", "is_staff": false, "is_active": false, "date_joined": "2023-09-29T21:36:56.343Z", "groups": [], "user_permissions": []}}, {"model": "auth.user", "pk": 11, "fields": {"password": "pbkdf2_sha256$260000$VTo9fazkC42MdNiwtODdpE$8qlIPciPDeeiFG3sRDMTEyeKKJzzCuRAQ1iiOlZ2afM=", "last_login": null, "is_superuser": false, "username": "qliu9468a", "first_name": "", "last_name": "", "email": "qliu94683@gmail.com", "is_staff": false, "is_active": false, "date_joined": "2023-09-29T21:37:58.625Z", "groups": [], "user_permissions": []}}, {"model": "auth.user", "pk": 12, "fields": {"password": "pbkdf2_sha256$260000$muDyuV1VyNXDwOllTa7Hcp$ETlIsUq3o4DDU9YMrkH1sJwB9fBQyGCqRYrNOofxzPs=", "last_login": null, "is_superuser": false, "username": "qqq1", "first_name": "", "last_name": "", "email": "qing_liu@persistent.com", "is_staff": false, "is_active": false, "date_joined": "2023-09-29T23:12:20.538Z", "groups": [], "user_permissions": []}}, {"model": "auth.user", "pk": 13, "fields": {"password": "pbkdf2_sha256$260000$qGl2D2C6Msz2QB6JGsXEM1$tTaqnwlHN5+7JU2ETPQWiljj6FyP0JTRS3y35l3q9xA=", "last_login": "2023-09-29T23:19:01.916Z", "is_superuser": false, "username": "q", "first_name": "", "last_name": "", "email": "qliu9467q@gmail.com", "is_staff": false, "is_active": true, "date_joined": "2023-09-29T23:18:54.822Z", "groups": [], "user_permissions": []}}, {"model": "contenttypes.contenttype", "pk": 1, "fields": {"app_label": "shop", "model": "product"}}, {"model": "contenttypes.contenttype", "pk": 2, "fields": {"app_label": "admin", "model": "logentry"}}, {"model": "contenttypes.contenttype", "pk": 3, "fields": {"app_label": "auth", "model": "permission"}}, {"model": "contenttypes.contenttype", "pk": 4, "fields": {"app_label": "auth", "model": "group"}}, {"model": "contenttypes.contenttype", "pk": 5, "fields": {"app_label": "auth", "model": "user"}}, {"model": "contenttypes.contenttype", "pk": 6, "fields": {"app_label": "contenttypes", "model": "contenttype"}}, {"model": "contenttypes.contenttype", "pk": 7, "fields": {"app_label": "sessions", "model": "session"}}, {"model": "contenttypes.contenttype", "pk": 8, "fields": {"app_label": "shop", "model": "address"}}, {"model": "contenttypes.contenttype", "pk": 9, "fields": {"app_label": "shop", "model": "user"}}, {"model": "contenttypes.contenttype", "pk": 10, "fields": {"app_label": "shop", "model": "users"}}, {"model": "sessions.session", "pk": "7dbouk0gl3p0lk649z5yybtygj6dt7kh", "fields": {"session_data": ".eJxVjMsOgjAQRf-la9N0hD5w6Z5vaKbzENRAQmFl_HclYaHbe865L5NxW4e8VVnyyOZiwJx-t4L0kGkHfMfpNluap3UZi90Ve9Bq-5nleT3cv4MB6_CtMTmVGIEQYgcqLjQUGg0xta0iaSlAfE7iGTxTcJ6UQ9IGincJumLeH_dCOGU:1mk97a:GX-2IizoRIXyiuSiMh13BeQTVQMvlZbcEIH6tfySJcE", "expire_date": "2021-11-22T18:11:54.966Z"}}, {"model": "sessions.session", "pk": "hzobin5om1w4su4chjayj0n7ex8dqv02", "fields": {"session_data": ".eJxVjMsOgjAQRf-la9N0hD5w6Z5vaKbzENRAQmFl_HclYaHbe865L5NxW4e8VVnyyOZiwJx-t4L0kGkHfMfpNluap3UZi90Ve9Bq-5nleT3cv4MB6_CtMTmVGIEQYgcqLjQUGg0xta0iaSlAfE7iGTxTcJ6UQ9IGincJumLeH_dCOGU:1mjBRN:txgsEm4tenOvQosvFDdBQL6taOLzRvMOTumMUGkZDaQ", "expire_date": "2021-11-20T02:28:21.100Z"}}, {"model": "sessions.session", "pk": "nic45enazhvpmt8fj96x5bcalu9gdc2q", "fields": {"session_data": ".eJxVjDsOwjAQBe_iGln2-k9JzxmsXX9wADlSnFSIu0OkFNC-mXkvFnFbW9xGWeKU2ZkFdvrdCNOj9B3kO_bbzNPc12Uiviv8oINf51yel8P9O2g42rdOJQifKlYBimqxUBABvEzCkVVB60y55qCSlsaT0VJIV8GSIgCHwbD3BwMeN_o:1qmNR4:-UT5rRLtp6h_iB1EypGV1xAmDJ_jsvhwkdUrwU-5qvA", "expire_date": "2023-10-14T00:02:18.026Z"}}, {"model": "sessions.session", "pk": "qcretrt23gas6sji9oe1o8u2ilelv5qx", "fields": {"session_data": ".eJxVjMsOgjAQRf-la9N0hD5w6Z5vaKbzENRAQmFl_HclYaHbe865L5NxW4e8VVnyyOZiwJx-t4L0kGkHfMfpNluap3UZi90Ve9Bq-5nleT3cv4MB6_CtMTmVGIEQYgcqLjQUGg0xta0iaSlAfE7iGTxTcJ6UQ9IGincJumLeH_dCOGU:1maUqk:5IID553yblDpW09kodq11QMEp0FKSzsY1JunMXjMCm4", "expire_date": "2021-10-27T03:22:38.786Z"}}]